id,display_name,account_type,headline
c64f9ae0-062e-4b97-a12a-04b81b8cb3ee,Hacker,learner,
2a655013-e50c-4cdf-b9af-43e1759839d7,joshi,learner,
5c421c37-51ce-49eb-932d-b8f7e6623dc1,Raj Sharma,learner,
d16a9366-1f7b-4053-9771-35921a80a561,prachi,learner,
20d26e88-11c9-4dd1-9c55-44c10d2019ad,pushkar,learner,
00000000-0000-4000-8000-000000000101,Sarah Jenkins,expert,Career Coach
00000000-0000-4000-8000-000000000102,Marcus Reed,expert,Business Coach
00000000-0000-4000-8000-000000000103,Ananya Raddy,expert,Edu Coach
00000000-0000-4000-8000-000000000104,Amit Patel,expert,Tech & IT Coach
00000000-0000-4000-8000-000000000105,Dr. Priya Nair,expert,General Physician
00000000-0000-4000-8000-000000000106,Kabir Singh,expert,Finance Mentor
00000000-0000-4000-8000-000000000107,Meera Joshi,expert,Brand Designer
00000000-0000-4000-8000-000000000108,Adv. Rahul Verma,expert,Startup Lawyer
